"","sample","gene_expression"
"1","RAB4B",0.992363695378515
"2","RAB4B",1.47831339439965
"3","RAB4B",2.04426437407889
"4","RAB4B",0.957051559215831
"5","RAB4B",1.86966641051089
"6","RAB4B",0.862074854333232
"7","RAB4B",2.84978438272637
"8","RAB4B",1.68678500051979
"9","RAB4B",1.04496145006963
"10","RAB4B",1.79499269507822
"11","RAB4B",1.57228833981237
"12","RAB4B",0.875575564012042
"13","RAB4B",1.88782336185855
"14","RAB4B",2.07911049826513
"15","RAB4B",0.810202545676994
"16","RAB4B",1.25205292215441
"17","RAB4B",1.76614639726305
"18","RAB4B",1.88064354014813
"19","RAB4B",1.85630733484374
"20","RAB4B",2.50554127179737
"21","RAB4B",1.05790586453537
"22","RAB4B",2.61883858562953
"23","RAB4B",1.042445759195
"24","RAB4B",1.70494092703863
"25","RAB4B",2.09652149527208
"26","RAB4B",1.61825587105988
"27","RAB4B",1.157792868149
"28","RAB4B",1.71319799331094
"29","RAB4B",1.77157966787205
"30","RAB4B",1.6106532536828
"31","RAB4B",2.23516388642946
"32","RAB4B",1.32057438375088
"33","RAB4B",1.53184808037424
"34","RAB4B",1.29962629725981
"35","RAB4B",2.1927371779862
"36","RAB4B",1.1697256042144
"37","RAB4B",1.481288331737
"38","RAB4B",1.82127304985387
"39","RAB4B",1.43219303639711
"40","RAB4B",1.16655054680357
"41","RAB4B",1.86721740444468
"42","RAB4B",1.26112311456874
"43","RAB4B",1.89973200930291
"44","RAB4B",1.81873698101813
"45","RAB4B",1.51841624916381
"46","RAB4B",2.08469066796251
"47","RAB4B",1.88804704273092
"48","RAB4B",1.5519618608756
"49","RAB4B",1.25834381300234
"50","RAB4B",2.25014493885046
"51","RAB4B",1.88391455324662
"52","RAB4B",1.89639298884113
"53","RAB4B",2.29229308114527
"54","RAB4B",2.07073939252839
"55","RAB4B",1.33023027485105
"56","RAB4B",2.64892852853578
"57","RAB4B",0.889386045744317
"58","RAB4B",1.60483235849194
"59","RAB4B",1.54968937603294
"60","RAB4B",2.31528169792881
"61","RAB4B",2.4210554583571
"62","RAB4B",1.65223927302786
"63","RAB4B",0.878387973008794
"64","RAB4B",3.13879884708715
"65","RAB4B",1.36269487947318
"66","RAB4B",1.21931037385796
"67","RAB4B",1.86624858270574
"68","RAB4B",1.97504402643597
"69","RAB4B",1.97887477742369
"70","RAB4B",1.94228340860902
"71","RAB4B",1.46345007916229
"72","RAB4B",1.90572734378324
"73","RAB4B",1.88340999538597
"74","RAB4B",1.56199875613755
"75","RAB4B",1.74224539673364
"76","RAB4B",2.18322126787317
"77","RAB4B",1.75845580519976
"78","RAB4B",1.79179900491364
"79","RAB4B",1.4635773152431
"80","RAB4B",2.2921579983026
"81","RAB4B",2.11005517806726
"82","RAB4B",2.11473422819737
"83","RAB4B",2.35007017460992
"84","RAB4B",2.37625463443653
"85","RAB4B",1.68575929061234
"86","RAB4B",1.33887171560209
"87","RAB4B",2.32820758277051
"88","RAB4B",1.76141391282822
"89","RAB4B",2.48333432225152
"90","RAB4B",1.25079480312636
"91","RAB4B",1.01990225123221
"92","RAB4B",1.85615813785919
"93","RAB4B",1.56470991377668
"94","RAB4B",2.01331775114069
"95","RAB4B",1.49043912478513
"96","RAB4B",1.63006601116075
"97","RAB4B",2.09330263553586
"98","RAB4B",2.14949305807506
"99","RAB4B",1.04298994427547
"100","RAB4B",2.12244128660785
"101","RAB4B",1.66927836519559
"102","RAB4B",2.09643914383148
"103","RAB4B",1.45974057496808
"104","RAB4B",1.07157499321002
"105","RAB4B",1.74784789217781
"106","RAB4B",1.26759062901434
"107","RAB4B",1.02193744083581
"108","RAB4B",1.48898733894404
"109","RAB4B",2.77673514238121
"110","RAB4B",0.936341659013861
"111","RAB4B",1.95149224932108
"112","RAB4B",2.80661880524709
"113","RAB4B",1.56818419154852
"114","RAB4B",0.993677207314768
"115","RAB4B",2.31863174418279
"116","RAB4B",1.09308322386909
"117","RAB4B",1.1305814839325
"118","RAB4B",1.47214402431368
"119","RAB4B",1.53475319599745
"120","RAB4B",1.80348370825386
"121","RAB4B",1.2841538841673
"122","RAB4B",1.56618366645611
"123","RAB4B",1.75942839873264
"124","RAB4B",1.79489529658368
"125","RAB4B",1.43535541251862
"126","RAB4B",1.87967537431701
"127","RAB4B",2.02159429550421
"128","RAB4B",1.23874757031537
"129","RAB4B",1.77474520782075
"130","RAB4B",2.23457210783988
"131","RAB4B",1.41991272424782
"132","RAB4B",1.51205099967005
"133","RAB4B",1.99441987305838
"134","RAB4B",1.23160895493475
"135","RAB4B",1.7581122753931
"136","RAB4B",1.20127598671591
"137","RAB4B",1.63905218515877
"138","RAB4B",1.22756350011214
"139","RAB4B",2.63614472383393
"140","RAB4B",3.30773992944193
"141","RAB4B",2.38252949825191
"142","RAB4B",1.39406531318948
"143","RAB4B",1.62955349320976
"144","RAB4B",1.27914009886792
"145","RAB4B",1.3252960851618
"146","RAB4B",1.40535175259004
"147","RAB4B",1.88747821659637
"148","RAB4B",1.32670144477557
"149","RAB4B",2.42731542568718
"150","RAB4B",1.49160138142575
"151","RAB4B",1.27586284296932
"152","RAB4B",1.21008764001096
"153","RAB4B",1.34235769537113
"154","RAB4B",1.21904817995634
"155","RAB4B",1.69675263002736
"156","RAB4B",1.95807437655301
"157","RAB4B",2.55050016342694
"158","RAB4B",1.22635304544735
"159","RAB4B",1.20022999998563
"160","RAB4B",1.58807645791367
"161","RAB4B",1.69411015156699
"162","RAB4B",1.14707437698788
"163","RAB4B",1.40438904010839
"164","RAB4B",1.07529652681561
"165","RAB4B",1.67995011884614
"166","RAB4B",1.2885947937484
"167","RAB4B",1.75320573503793
"168","RAB4B",1.52791147576793
"169","RAB4B",2.89410337069564
"170","RAB4B",1.49505270827329
"171","RAB4B",1.61898651456526
"172","RAB4B",1.95975388673786
"173","RAB4B",0.978650512223713
"174","RAB4B",1.79395035842986
"175","RAB4B",1.69028020725046
"176","RAB4B",1.19008187859472
"177","RAB4B",1.18700256960278
"178","RAB4B",1.01517154100653
"179","RAB4B",1.68931058837554
"180","RAB4B",1.81202254599721
"181","RAB4B",1.53326551375703
"182","RAB4B",2.04422974664832
"183","RAB4B",1.80104205581558
"184","RAB4B",1.15251254298759
"185","RAB4B",2.08419088386451
"186","RAB4B",2.26948211390548
"187","RAB4B",1.87582665231284
"188","RAB4B",2.40950753001226
"189","RAB4B",1.80853887905149
"190","RAB4B",1.15012296182258
"191","RAB4B",1.29371464319432
"192","RAB4B",1.75185462272665
"193","RAB4B",2.00118373529248
"194","RAB4B",1.50179460824569
"195","RAB4B",1.17123447557085
"196","RAB4B",1.15487553152129
"197","RAB4B",1.73689957299586
"198","RAB4B",2.48274388679702
"199","RAB4B",1.97687932278032
"200","RAB4B",2.28139928657038
"201","RAB4B",2.3926804084931
"202","RAB4B",1.37342903396288
"203","RAB4B",2.09825115744763
"204","RAB4B",1.62238163479547
"205","RAB4B",1.42334235281349
"206","RAB4B",2.3539588189192
"207","RAB4B",1.63643059242472
"208","RAB4B",2.30679039038423
"209","RAB4B",2.26605694547843
"210","RAB4B",2.84783483806546
"211","RAB4B",1.96068845025266
"212","RAB4B",1.44525586242852
"213","RAB4B",3.17262138347658
"214","RAB4B",1.22204805731217
"215","RAB4B",2.34983395003359
"216","RAB4B",1.16506996703983
"217","RAB4B",2.44010893527806
"218","RAB4B",2.13725711231709
"219","RAB4B",1.49733903651433
"220","RAB4B",1.65747553331741
"221","RAB4B",0.930443545705218
"222","RAB4B",1.25280509465693
"223","RAB4B",1.36412202025427
"224","RAB4B",2.74194711835781
"225","RAB4B",2.36531473390002
"226","RAB4B",2.26964079870799
"227","RAB4B",1.76574217277293
"228","RAB4B",2.30827502602725
"229","RAB4B",2.28434837523403
"230","RAB4B",2.45588215243196
"231","RAB4B",1.78846159242486
"232","RAB4B",0.825803115244145
"233","RAB4B",1.26132688376063
"234","RAB4B",1.52211849764134
"235","RAB4B",1.52260095963587
"236","RAB4B",2.50130041150418
"237","RAB4B",1.79390313072209
"238","RAB4B",1.45311527092477
"239","RAB4B",1.13732298793875
"240","RAB4B",1.74632018558281
"241","RAB4B",2.56673512938373
"242","RAB4B",1.42768393269982
"243","RAB4B",1.21362921425383
"244","RAB4B",1.99318124973953
"245","RAB4B",2.87422545107868
"246","RAB4B",1.19844876230045
"247","RAB4B",2.36830138571662
"248","RAB4B",1.31887709686905
"249","RAB4B",2.51272127643347
"250","RAB4B",1.22830591432515
"251","RAB4B",2.71534103819466
"252","RAB4B",1.75139513007645
"253","RAB4B",1.64757711867662
"254","RAB4B",1.8028994493834
"255","RAB4B",1.88340851661394
"256","RAB4B",2.82331559342868
"257","RAB4B",1.02208026066035
"258","RAB4B",1.35997227096942
"259","RAB4B",2.13529521913405
"260","RAB4B",2.09330847856587
"261","RAB4B",1.89971334776736
"262","RAB4B",1.54322787128212
"263","RAB4B",2.78344451338395
"264","RAB4B",2.04129387794674
"265","RAB4B",1.72227030395188
"266","RAB4B",2.378938211291
"267","RAB4B",1.33485198986595
"268","RAB4B",1.80330969773125
"269","RAB4B",2.06088000757855
"270","RAB4B",1.191554561631
"271","RAB4B",2.8902431454092
"272","RAB4B",1.68081691696515
"273","RAB4B",1.26797265169224
"274","RAB4B",2.24274491201494
"275","RAB4B",1.37768488619394
"276","RAB4B",1.94047458966896
"277","RAB4B",1.65034286148132
"278","RAB4B",1.85490824198428
"279","RAB4B",2.10697748986609
"280","RAB4B",1.34219411801131
"281","RAB4B",2.64519041342909
"282","RAB4B",2.08704238693283
"283","RAB4B",1.67831844959498
"284","RAB4B",1.28800423791103
"285","RAB4B",1.90850564553633
"286","RAB4B",1.2557877675139
"287","RAB4B",0.966604749618857
"288","RAB4B",1.96859809707357
"289","RAB4B",1.83131398650216
"290","RAB4B",1.57115016965837
"291","RAB4B",2.93432214756793
"292","RAB4B",2.1897244182185
"293","RAB4B",1.68646017351412
"294","RAB4B",1.11702309072937
"295","RAB4B",1.38713037339837
"296","RAB4B",2.05799858104031
"297","RAB4B",1.35330190038798
"298","RAB4B",1.67472578416751
"299","RAB4B",2.11617823947545
"300","RAB4B",2.2370920849104
"301","RAB4B",1.17918883497308
"302","RAB4B",3.80640291679215
"303","RAB4B",2.22999255409858
"304","RAB4B",1.21404602847103
"305","RAB4B",1.35240787189722
"306","RAB4B",2.45211908133538
"307","RAB4B",1.84401711482043
"308","RAB4B",1.5083061623659
"309","RAB4B",2.20394331040214
"310","RAB4B",1.25900153251878
"311","RAB4B",1.51404812017155
"312","RAB4B",2.9425847970083
"313","RAB4B",2.47169219296644
"314","RAB4B",1.0518294988027
"315","RAB4B",1.9838776013807
"316","RAB4B",1.14672339764319
"317","RAB4B",2.12249152902319
"318","RAB4B",1.86880860449592
"319","RAB4B",1.96399199591231
"320","RAB4B",2.4807497005696
"321","RAB4B",2.52920419777932
"322","RAB4B",2.51138680553353
"323","RAB4B",3.03438102095807
"324","RAB4B",0.863730995956998
"325","RAB4B",1.73631326264788
"326","RAB4B",1.91984122397163
"327","RAB4B",0.908105839479625
"328","RAB4B",1.77691427201722
"329","RAB4B",1.30331444078421
"330","RAB4B",2.56283592905779
"331","RAB4B",1.12396949684987
"332","RAB4B",2.22690390056091
"333","RAB4B",1.31991431023172
"334","RAB4B",1.14063671254956
"335","RAB4B",1.54353683680432
"336","RAB4B",1.99384194414551
"337","RAB4B",1.93295156707988
"338","RAB4B",1.41134218084334
"339","RAB4B",1.80431398217276
"340","RAB4B",2.47437224627976
"341","RAB4B",1.82350974616054
"342","RAB4B",1.68497853922729
"343","RAB4B",1.98571391555964
"344","RAB4B",2.13892265861029
"345","RAB4B",2.83419566269559
"346","RAB4B",1.7839802165179
"347","RAB4B",2.75382038497773
"348","RAB4B",0.892640125791567
"349","RAB4B",1.83708175774063
"350","RAB4B",3.09732511951572
"351","RAB4B",1.578775323054
"352","RAB4B",2.23261938500751
"353","RAB4B",1.65213736735076
"354","RAB4B",1.01825162834024
"355","RAB4B",2.60713138969816
"356","RAB4B",1.00033340075065
"357","RAB4B",1.7389849009102
"358","RAB4B",0.91695785731844
"359","RAB4B",1.53984245529989
"360","RAB4B",2.07304866110699
"361","RAB4B",1.58642746166733
"362","RAB4B",2.09146500092801
"363","RAB4B",1.22189003191137
"364","RAB4B",1.55350847997611
"365","RAB4B",1.80916573841723
"366","RAB4B",1.82109254042367
"367","RAB4B",0.883695021205351
"368","RAB4B",1.83582666899468
"369","RAB4B",1.39510058412198
"370","RAB4B",1.19039760688469
"371","RAB4B",1.89669196012147
"372","RAB4B",2.20722392239289
"373","RAB4B",1.28197682416103
"374","RAB4B",1.38359884776191
"375","RAB4B",1.35996009762545
"376","RAB4B",1.2854413347278
"377","RAB4B",1.63965519731126
"378","RAB4B",1.65863046623671
"379","RAB4B",1.79809877979881
"380","RAB4B",1.73383420311398
"381","RAB4B",2.09166787894576
"382","RAB4B",1.88389554265096
"383","RAB4B",2.36905580510161
"384","RAB4B",1.91932813900974
"385","RAB4B",1.66980697090113
"386","RAB4B",2.02301864480631
"387","RAB4B",1.68746442826236
"388","RAB4B",3.23264617851345
"389","RAB4B",2.47505089637421
"390","RAB4B",1.01766998227944
"391","RAB4B",1.89453730442269
"392","RAB4B",1.40641807796464
"393","RAB4B",1.59073876579612
"394","RAB4B",2.22790904936499
"395","RAB4B",1.2356529052818
"396","RAB4B",1.93977960406012
"397","RAB4B",1.49736564948624
"398","RAB4B",1.40260320870978
"399","RAB4B",0.91873141729963
"400","RAB4B",1.43538543848701
"401","RAB4B",1.15659724927451
"402","RAB4B",1.98750457520187
"403","RAB4B",1.30007511041078
"404","RAB4B",1.086827463538
"405","RAB4B",2.94024054823059
"406","RAB4B",1.65419402470912
"407","RAB4B",1.83563429941499
"408","RAB4B",1.99689576346932
"409","RAB4B",1.01264356823362
"410","RAB4B",2.27518455358988
"411","RAB4B",2.26772008249394
"412","RAB4B",1.42167793495223
"413","RAB4B",0.947125680481609
"414","RAB4B",1.23246049257137
"415","RAB4B",1.22471445963872
"416","RAB4B",1.26214159033525
"417","RAB4B",1.6552265888383
"418","RAB4B",2.30357139262805
"419","RAB4B",1.08681965067005
"420","RAB4B",1.75883354830722
"421","RAB4B",2.72736335816086
"422","RAB4B",1.02941834166711
"423","RAB4B",0.946833730274017
"424","RAB4B",1.70540082545109
"425","TIGAR",1.39265604335305
"426","TIGAR",0.928251710462712
"427","TIGAR",0.471326222743058
"428","TIGAR",0.718049583360298
"429","TIGAR",1.45919973364946
"430","TIGAR",1.9878347828096
"431","TIGAR",1.09027908417568
"432","TIGAR",1.56159770937769
"433","TIGAR",0.233239535646397
"434","TIGAR",1.58611899263708
"435","TIGAR",1.20234213927692
"436","TIGAR",1.3869923178857
"437","TIGAR",1.41918766089247
"438","TIGAR",0.593758685592341
"439","TIGAR",1.14030694134264
"440","TIGAR",1.22327709603254
"441","TIGAR",1.40206960497042
"442","TIGAR",0.663115137990532
"443","TIGAR",1.41969103398262
"444","TIGAR",1.52007492076779
"445","TIGAR",1.16653410405143
"446","TIGAR",1.17128513659901
"447","TIGAR",0.879763193563051
"448","TIGAR",1.28748574069641
"449","TIGAR",1.40550853151927
"450","TIGAR",1.40613741826563
"451","TIGAR",2.18156858403501
"452","TIGAR",2.17865793717822
"453","TIGAR",1.41358016940594
"454","TIGAR",0.937111690277826
"455","TIGAR",2.05366792047226
"456","TIGAR",1.59031488395942
"457","TIGAR",1.05395461664227
"458","TIGAR",0.712867595540077
"459","TIGAR",0.948843812487317
"460","TIGAR",0.562813990481025
"461","TIGAR",0.849942432341298
"462","TIGAR",2.59855740714709
"463","TIGAR",1.72204199929611
"464","TIGAR",1.01400784808431
"465","TIGAR",1.76395717052418
"466","TIGAR",1.67333745790092
"467","TIGAR",2.40843784665077
"468","TIGAR",1.01310925477583
"469","TIGAR",1.51398711407978
"470","TIGAR",3.13582943506796
"471","TIGAR",1.40347553963476
"472","TIGAR",1.64736851175511
"473","TIGAR",1.62678477734811
"474","TIGAR",1.42143798617569
"475","TIGAR",1.69100318855066
"476","TIGAR",1.99652665380404
"477","TIGAR",0.78182102064993
"478","TIGAR",1.38204673610143
"479","TIGAR",2.09117748720764
"480","TIGAR",1.7195971617967
"481","TIGAR",0.297150661885951
"482","TIGAR",1.68159330248266
"483","TIGAR",1.47829709179042
"484","TIGAR",1.59615440727732
"485","TIGAR",1.19782128351115
"486","TIGAR",0.955296391488431
"487","TIGAR",1.02204208301569
"488","TIGAR",1.86157374349644
"489","TIGAR",1.73540686844143
"490","TIGAR",1.22488019586558
"491","TIGAR",1.62825097062207
"492","TIGAR",1.45888961867388
"493","TIGAR",1.45441161448842
"494","TIGAR",0.822286240068769
"495","TIGAR",1.28969267338661
"496","TIGAR",1.9548241500921
"497","TIGAR",0.436867731296515
"498","TIGAR",1.99968102681367
"499","TIGAR",1.30801262038288
"500","TIGAR",0.622995139864481
"501","TIGAR",1.55513659522587
"502","TIGAR",1.62788014190022
"503","TIGAR",0.910592304478355
"504","TIGAR",2.71151244149296
"505","TIGAR",1.51527694450329
"506","TIGAR",1.36094646357078
"507","TIGAR",0.532052742102357
"508","TIGAR",1.20718718605566
"509","TIGAR",1.04675946932873
"510","TIGAR",1.66924758717896
"511","TIGAR",2.00365874007413
"512","TIGAR",0.813121697653458
"513","TIGAR",1.26011848104609
"514","TIGAR",1.20327922583594
"515","TIGAR",0.817281669777208
"516","TIGAR",1.34943947148797
"517","TIGAR",1.11693488583538
"518","TIGAR",0.805961724872764
"519","TIGAR",1.04781781877963
"520","TIGAR",2.64769360181
"521","TIGAR",1.81968841530115
"522","TIGAR",1.69505974105951
"523","TIGAR",0.126451855430433
"524","TIGAR",1.07272988532569
"525","TIGAR",2.16888902911376
"526","TIGAR",0.6452494540706
"527","TIGAR",1.12014974423279
"528","TIGAR",1.07328942072125
"529","TIGAR",0.720657683469399
"530","TIGAR",1.53445343470696
"531","TIGAR",0.746866772714245
"532","TIGAR",2.0259854393313
"533","TIGAR",1.49873920188737
"534","TIGAR",1.19264523327917
"535","TIGAR",1.84832611467784
"536","TIGAR",0.929119253853507
"537","TIGAR",1.12621969244879
"538","TIGAR",1.31509546818332
"539","TIGAR",1.06509550873844
"540","TIGAR",1.23207960469013
"541","TIGAR",0.87024201721913
"542","TIGAR",1.48716060218018
"543","TIGAR",0.176394099895568
"544","TIGAR",1.10872502411455
"545","TIGAR",1.03693736477204
"546","TIGAR",1.36222582723435
"547","TIGAR",0.903173481560504
"548","TIGAR",1.3715309148488
"549","TIGAR",1.84420320602575
"550","TIGAR",0.606797928675278
"551","TIGAR",1.16799611079595
"552","TIGAR",1.2390424825803
"553","TIGAR",1.18614588988184
"554","TIGAR",1.15005758680789
"555","TIGAR",1.35306426825103
"556","TIGAR",0.938358615872523
"557","TIGAR",1.02893557250611
"558","TIGAR",1.38984687805364
"559","TIGAR",1.41132919396673
"560","TIGAR",1.08111546240212
"561","TIGAR",0.945611053779036
"562","TIGAR",1.42909153636301
"563","TIGAR",1.37461077335243
"564","TIGAR",1.00249317596269
"565","TIGAR",0.524919056023559
"566","TIGAR",1.59734900403102
"567","TIGAR",2.1199825291037
"568","TIGAR",1.39844875820717
"569","TIGAR",1.34092287767387
"570","TIGAR",1.07737360430501
"571","TIGAR",1.84084499658424
"572","TIGAR",1.78477765084463
"573","TIGAR",2.45439452720079
"574","TIGAR",1.26475907438094
"575","TIGAR",0.915043870981445
"576","TIGAR",0.283144038975549
"577","TIGAR",0.97023728239825
"578","TIGAR",1.09558338836436
"579","TIGAR",0.378452444768027
"580","TIGAR",1.43080080354455
"581","TIGAR",0.390864102710205
"582","TIGAR",1.92769077912563
"583","TIGAR",1.16223895908819
"584","TIGAR",1.38357646283896
"585","TIGAR",1.62284845790909
"586","TIGAR",1.20407825035815
"587","TIGAR",1.36949128296191
"588","TIGAR",1.28432869070236
"589","TIGAR",1.21124121434312
"590","TIGAR",1.09166881457718
"591","TIGAR",0.707371196157278
"592","TIGAR",1.1249455372827
"593","TIGAR",1.03321276450439
"594","TIGAR",1.3604752209654
"595","TIGAR",2.08100957402829
"596","TIGAR",0.920617905167318
"597","TIGAR",0.71835355248632
"598","TIGAR",0.998383386524037
"599","TIGAR",1.09424328222177
"600","TIGAR",0.80465772915112
"601","TIGAR",0.888691992888811
"602","TIGAR",0.717238472804236
"603","TIGAR",1.51153336109039
"604","TIGAR",1.11103340327981
"605","TIGAR",1.35768337805299
"606","TIGAR",0.814484419126738
"607","TIGAR",0.672745570054576
"608","TIGAR",0.729748299104711
"609","TIGAR",0.152693165859144
"610","TIGAR",1.48686227700513
"611","TIGAR",1.51349327204054
"612","TIGAR",1.49133748696637
"613","TIGAR",1.91400444737324
"614","TIGAR",0.348674648413
"615","TIGAR",1.27559236462565
"616","TIGAR",0.764417680437727
"617","TIGAR",2.89954478461541
"618","TIGAR",1.52070570804799
"619","TIGAR",1.81892126729877
"620","TIGAR",1.6625180475196
"621","TIGAR",1.30367226161255
"622","TIGAR",1.32810943015509
"623","TIGAR",1.78812403689028
"624","TIGAR",2.32656596433641
"625","TIGAR",2.26529346273461
"626","TIGAR",1.52585170023016
"627","TIGAR",2.07538989236117
"628","TIGAR",1.16247824268484
"629","TIGAR",1.69012177391503
"630","TIGAR",1.0784950895843
"631","TIGAR",1.80260473010979
"632","TIGAR",1.11791088355895
"633","TIGAR",0.672883079032246
"634","TIGAR",2.26763432725482
"635","TIGAR",1.6100990318729
"636","TIGAR",1.97890918211472
"637","TIGAR",2.8355173409769
"638","TIGAR",1.32064370657005
"639","TIGAR",1.38433310242861
"640","TIGAR",1.28758683965963
"641","TIGAR",0.553585931616113
"642","TIGAR",1.25411415354359
"643","TIGAR",1.3734211126218
"644","TIGAR",1.07155628104821
"645","TIGAR",1.53822264117876
"646","TIGAR",1.25589120564932
"647","TIGAR",0.98344086509811
"648","TIGAR",1.02068279439136
"649","TIGAR",2.3696346147103
"650","TIGAR",2.1471902963153
"651","TIGAR",1.1101232152172
"652","TIGAR",1.9026459915747
"653","TIGAR",2.10885148865776
"654","TIGAR",2.93939027716372
"655","TIGAR",1.13079200289584
"656","TIGAR",0.584995113425158
"657","TIGAR",1.91767059640946
"658","TIGAR",1.1647591614378
"659","TIGAR",1.13037335150475
"660","TIGAR",2.44357382364523
"661","TIGAR",1.57182636635789
"662","TIGAR",1.56618211800571
"663","TIGAR",1.698679030601
"664","TIGAR",1.49536478990844
"665","TIGAR",1.50701594475451
"666","TIGAR",1.32021963739937
"667","TIGAR",0.870251803127459
"668","TIGAR",1.99528946278733
"669","TIGAR",0.65497716808647
"670","TIGAR",0.710746585969015
"671","TIGAR",1.23766063570054
"672","TIGAR",1.36761947633584
"673","TIGAR",1.03970695342112
"674","TIGAR",1.76757054834422
"675","TIGAR",1.57866882317853
"676","TIGAR",1.65610941745919
"677","TIGAR",1.17494984927447
"678","TIGAR",1.56868763717862
"679","TIGAR",1.23860904875974
"680","TIGAR",1.19921955452491
"681","TIGAR",0.504779592210114
"682","TIGAR",1.25480891351902
"683","TIGAR",1.44794249468826
"684","TIGAR",2.58821426690099
"685","TIGAR",0.95102128908372
"686","TIGAR",0.609326578493394
"687","TIGAR",1.2015694876342
"688","TIGAR",1.19722268662398
"689","TIGAR",0.808826394184858
"690","TIGAR",1.69159255153557
"691","TIGAR",1.67976055400899
"692","TIGAR",1.52249672837589
"693","TIGAR",2.09742268512976
"694","TIGAR",1.07940523666415
"695","TIGAR",1.26484500675702
"696","TIGAR",0.622151309952615
"697","TIGAR",0.465987781241143
"698","TIGAR",2.15797114880924
"699","TIGAR",1.21407228134259
"700","TIGAR",0.891979639684425
"701","TIGAR",0.847366638536747
"702","TIGAR",1.14559739621917
"703","TIGAR",1.17098374555239
"704","TIGAR",0.595873468650818
"705","TIGAR",1.32517206193261
"706","TIGAR",1.26001750575357
"707","TIGAR",0.651563167184935
"708","TIGAR",1.66483847680151
"709","TIGAR",0.792324162614455
"710","TIGAR",1.10454357526835
"711","TIGAR",0.920086982718129
"712","TIGAR",1.56122414821969
"713","TIGAR",1.69005196148635
"714","TIGAR",0.771533999343123
"715","TIGAR",1.52392527574782
"716","TIGAR",1.85977428260784
"717","TIGAR",1.17713714228635
"718","TIGAR",1.01691883023812
"719","TIGAR",1.0003793408469
"720","TIGAR",1.74715853459576
"721","TIGAR",1.41132606417302
"722","TIGAR",1.71951394231045
"723","TIGAR",1.07963962199928
"724","TIGAR",1.42036989380452
"725","TIGAR",1.47838822928407
"726","TIGAR",1.47465776437369
"727","TIGAR",1.74305878206935
"728","TIGAR",0.418258417307811
"729","TIGAR",0.89177498369485
"730","TIGAR",1.94077258258115
"731","TIGAR",1.37351536775543
"732","TIGAR",1.42895740509437
"733","TIGAR",1.46236029262073
"734","TIGAR",0.997452754951603
"735","TIGAR",1.50095231702499
"736","TIGAR",0.564871081789885
"737","TIGAR",0.978629084841324
"738","TIGAR",1.13531102933954
"739","TIGAR",2.23926292884135
"740","TIGAR",1.21647654003223
"741","TIGAR",1.73105774266864
"742","TIGAR",0.409529843897349
"743","TIGAR",1.3547732799266
"744","TIGAR",1.52534848161012
"745","TIGAR",1.75947442368922
"746","TIGAR",2.32757272271983
"747","TIGAR",1.68982985042871
"748","TIGAR",0.304477025097838
"749","TIGAR",2.08167882988668
"750","TIGAR",1.77652639272444
"751","TIGAR",0.571669545615946
"752","TIGAR",1.98643566671423
"753","TIGAR",1.64953879972579
"754","TIGAR",0.800434564467837
"755","TIGAR",1.15385921713255
"756","TIGAR",1.98873380611878
"757","TIGAR",1.42419643235733
"758","TIGAR",1.38938070926886
"759","TIGAR",1.97800573262545
"760","TIGAR",1.328501256661
"761","TIGAR",1.02997343082506
"762","TIGAR",0.36538600201507
"763","TIGAR",1.63234534018944
"764","TIGAR",1.18825166333202
"765","TIGAR",1.0543364271521
"766","TIGAR",1.15399349144322
"767","TIGAR",1.98366614105017
"768","TIGAR",1.26983918786529
"769","TIGAR",0.230932414614924
"770","TIGAR",1.92807971695925
"771","TIGAR",0.763768667766093
"772","TIGAR",0.630706374381915
"773","TIGAR",0.733605421261683
"774","TIGAR",1.71955318034906
"775","TIGAR",0.841444890807042
"776","TIGAR",1.23585399126279
"777","TIGAR",1.20766431066467
"778","TIGAR",0.943512567992912
"779","TIGAR",1.41143838452232
"780","TIGAR",1.16657613240405
"781","TIGAR",1.89314487926043
"782","TIGAR",1.32075175503332
"783","TIGAR",1.72317424976041
"784","TIGAR",0.962576900016386
"785","TIGAR",1.54386187764287
"786","TIGAR",2.35846589948912
"787","TIGAR",1.01438979333088
"788","TIGAR",2.09068821338302
"789","TIGAR",0.99637987306844
"790","TIGAR",1.86470515469161
"791","TIGAR",1.44325044326951
"792","TIGAR",1.32451672317603
"793","TIGAR",0.693721127087827
"794","TIGAR",1.02714897446123
"795","TIGAR",1.67054457115758
"796","TIGAR",1.33327360665398
"797","TIGAR",0.846025405326479
"798","TIGAR",1.56249221874208
"799","TIGAR",1.17957909054102
"800","TIGAR",1.36654990157111
"801","TIGAR",1.79750773547551
"802","TIGAR",1.03809809637378
"803","TIGAR",1.17554089480045
"804","TIGAR",1.02684956094061
"805","TIGAR",1.15551689571989
"806","TIGAR",2.33108091821844
"807","TIGAR",1.7765842999144
"808","TIGAR",1.96098101111621
"809","TIGAR",1.87805528408899
"810","TIGAR",0.884685134607385
"811","TIGAR",1.87100373850873
"812","TIGAR",1.93548344949844
"813","TIGAR",1.75172158212923
"814","TIGAR",0.895063509518461
"815","TIGAR",1.79933882766648
"816","TIGAR",1.72279981201348
"817","TIGAR",1.39894053804212
"818","TIGAR",1.32963619666794
"819","TIGAR",0.813935142077724
"820","TIGAR",0.111149276274634
"821","TIGAR",0.59858371326915
"822","TIGAR",1.42099504955952
"823","TIGAR",0.552888710526978
"824","TIGAR",1.74649704693676
"825","TIGAR",1.04776648306135
"826","TIGAR",1.67768737525559
"827","TIGAR",1.62363501728415
"828","TIGAR",0.838897026208328
"829","TIGAR",0.870919669144675
"830","TIGAR",1.23087563399115
"831","TIGAR",1.55893928964149
"832","TIGAR",0.825667526461242
"833","TIGAR",0.887451471150321
"834","TIGAR",1.45848700207942
"835","TIGAR",2.4150428473692
"836","TIGAR",1.51724729168013
"837","TIGAR",0.503788803446354
"838","TIGAR",1.23772167299971
"839","TIGAR",1.76176224732592
"840","TIGAR",0.416874051156364
"841","TIGAR",0.997536767104538
"842","TIGAR",1.9738495056525
"843","TIGAR",1.03198016947039
"844","TIGAR",0.856210343952234
"845","TIGAR",0.160889281417447
"846","TIGAR",0.762628509065323
"847","TIGAR",1.94050612546454
"848","TIGAR",1.32367969823121
"849","RNF44",2.81750942677433
"850","RNF44",2.55078471433232
"851","RNF44",1.23411010494555
"852","RNF44",2.57167793602491
"853","RNF44",4.03604033857287
"854","RNF44",3.62839473900739
"855","RNF44",2.52398312349259
"856","RNF44",2.17816110837735
"857","RNF44",1.46752249999231
"858","RNF44",3.4276861080256
"859","RNF44",1.70796791590692
"860","RNF44",1.63811001460547
"861","RNF44",2.94315723491584
"862","RNF44",2.25591857774579
"863","RNF44",3.370306492961
"864","RNF44",1.86113495920877
"865","RNF44",2.10693902164971
"866","RNF44",3.23239137563747
"867","RNF44",2.04087763409786
"868","RNF44",2.03755633636322
"869","RNF44",1.59248387575087
"870","RNF44",3.60624721680812
"871","RNF44",1.46746256462503
"872","RNF44",2.11567538291092
"873","RNF44",3.48161060033708
"874","RNF44",3.42046336790603
"875","RNF44",2.09809225785774
"876","RNF44",3.21258286753017
"877","RNF44",2.38541924375808
"878","RNF44",3.06789823944052
"879","RNF44",2.33121897689267
"880","RNF44",2.47040728263095
"881","RNF44",1.78884358184785
"882","RNF44",2.20454265696199
"883","RNF44",1.36051026748975
"884","RNF44",1.44417403736077
"885","RNF44",2.37234001417194
"886","RNF44",3.74722825531738
"887","RNF44",1.13643570873953
"888","RNF44",1.25090365877295
"889","RNF44",2.78734858293404
"890","RNF44",2.15194202349756
"891","RNF44",3.75992358774709
"892","RNF44",3.05181188456069
"893","RNF44",2.84108955784929
"894","RNF44",4.51289346497088
"895","RNF44",3.48376404213715
"896","RNF44",2.67173686834007
"897","RNF44",4.55111265472064
"898","RNF44",2.73471881090036
"899","RNF44",2.71032543463053
"900","RNF44",2.47637820864329
"901","RNF44",1.22129901799371
"902","RNF44",2.36320160441401
"903","RNF44",2.992077156125
"904","RNF44",2.95535623177336
"905","RNF44",3.13165405716899
"906","RNF44",2.73993893765785
"907","RNF44",2.72059178239754
"908","RNF44",2.36508467231996
"909","RNF44",2.34052582676163
"910","RNF44",2.18315766247364
"911","RNF44",2.67466689646412
"912","RNF44",2.44034636600353
"913","RNF44",2.63006608649126
"914","RNF44",1.43323575256943
"915","RNF44",3.15447492597971
"916","RNF44",3.01295046639319
"917","RNF44",3.68269869537758
"918","RNF44",1.055947740638
"919","RNF44",1.32377576805312
"920","RNF44",3.36597447089729
"921","RNF44",2.07296584185773
"922","RNF44",2.9217204152979
"923","RNF44",2.74421303558232
"924","RNF44",1.71896916358229
"925","RNF44",1.562907391549
"926","RNF44",2.69691794892655
"927","RNF44",3.08374571939347
"928","RNF44",3.03196298547869
"929","RNF44",2.68944935701918
"930","RNF44",3.30435656780501
"931","RNF44",3.11566217602971
"932","RNF44",4.0566051902351
"933","RNF44",2.56965121465371
"934","RNF44",3.44829168571678
"935","RNF44",2.50458574313022
"936","RNF44",2.04518930887636
"937","RNF44",2.27443637162265
"938","RNF44",2.43266315954222
"939","RNF44",1.66009674835245
"940","RNF44",2.25955954263154
"941","RNF44",1.79205948966671
"942","RNF44",2.22909625440373
"943","RNF44",3.22350876081901
"944","RNF44",1.82619810232723
"945","RNF44",2.15747808107654
"946","RNF44",3.16261158456584
"947","RNF44",2.54688831647357
"948","RNF44",2.76996754038958
"949","RNF44",3.02206144435683
"950","RNF44",2.94161427685889
"951","RNF44",2.08774966164007
"952","RNF44",2.255563301258
"953","RNF44",0.971794670409444
"954","RNF44",2.58508209585132
"955","RNF44",1.71614921321707
"956","RNF44",2.89149768917865
"957","RNF44",2.90242887491271
"958","RNF44",1.62747545133035
"959","RNF44",2.4343834456878
"960","RNF44",1.16491914774489
"961","RNF44",2.58510084705848
"962","RNF44",1.85373700224565
"963","RNF44",1.51294385679061
"964","RNF44",2.52296918730234
"965","RNF44",2.801145864695
"966","RNF44",1.4446896538209
"967","RNF44",2.35938642260283
"968","RNF44",3.40687497405539
"969","RNF44",1.4391451530123
"970","RNF44",2.73211601150446
"971","RNF44",3.12226266942255
"972","RNF44",2.18409542317756
"973","RNF44",2.94992993692702
"974","RNF44",2.27290181401019
"975","RNF44",2.74368735283696
"976","RNF44",1.70577894440422
"977","RNF44",2.34689128375269
"978","RNF44",2.73841442888496
"979","RNF44",1.46276387817423
"980","RNF44",1.81371918925053
"981","RNF44",2.32338913084551
"982","RNF44",1.77270845333592
"983","RNF44",1.99224497971689
"984","RNF44",1.63438222623406
"985","RNF44",2.15041840040432
"986","RNF44",2.65183293851931
"987","RNF44",2.84865475846886
"988","RNF44",3.17760794732985
"989","RNF44",1.56767261645361
"990","RNF44",2.61144326836466
"991","RNF44",3.6610390925935
"992","RNF44",2.82856808642908
"993","RNF44",1.93417774913798
"994","RNF44",3.17859715245915
"995","RNF44",2.52611481153111
"996","RNF44",2.42503390885955
"997","RNF44",5.02997206067994
"998","RNF44",2.46588890947248
"999","RNF44",2.82043483302612
"1000","RNF44",3.13827647517535
"1001","RNF44",2.07567762167776
"1002","RNF44",1.69051259526986
"1003","RNF44",3.23059236929755
"1004","RNF44",2.78728397412086
"1005","RNF44",1.08767547726709
"1006","RNF44",1.919512376817
"1007","RNF44",1.54991211057292
"1008","RNF44",2.40122596706033
"1009","RNF44",3.70348653031507
"1010","RNF44",2.18449936936155
"1011","RNF44",2.88064703443535
"1012","RNF44",2.71663965475021
"1013","RNF44",3.30162038895791
"1014","RNF44",1.44365056020693
"1015","RNF44",1.49320719867606
"1016","RNF44",1.92929408911109
"1017","RNF44",2.48440137774218
"1018","RNF44",2.1164246602853
"1019","RNF44",2.24370199541373
"1020","RNF44",2.01102716050074
"1021","RNF44",2.45803793049178
"1022","RNF44",2.96989390350461
"1023","RNF44",1.65782574343383
"1024","RNF44",1.68045333595549
"1025","RNF44",3.08229458267913
"1026","RNF44",1.46120822029414
"1027","RNF44",2.12786777735198
"1028","RNF44",1.88825444043969
"1029","RNF44",1.85238628931173
"1030","RNF44",0.841563231513251
"1031","RNF44",1.88245126863364
"1032","RNF44",2.74531937866085
"1033","RNF44",1.43157886573299
"1034","RNF44",2.35931724528793
"1035","RNF44",1.49772014542438
"1036","RNF44",1.71198048390173
"1037","RNF44",2.87884910795231
"1038","RNF44",1.28778788074333
"1039","RNF44",2.43381896853533
"1040","RNF44",2.30191420393403
"1041","RNF44",3.48696187231108
"1042","RNF44",4.05709973207433
"1043","RNF44",2.22630897038573
"1044","RNF44",1.4383170551514
"1045","RNF44",1.4563236372998
"1046","RNF44",2.88457635086181
"1047","RNF44",3.55524436255692
"1048","RNF44",2.54256453381579
"1049","RNF44",2.83158159019011
"1050","RNF44",2.93201085989244
"1051","RNF44",2.83691688992252
"1052","RNF44",3.36620394987233
"1053","RNF44",3.23655176780165
"1054","RNF44",1.50590686828781
"1055","RNF44",2.34804734471323
"1056","RNF44",1.48838923193857
"1057","RNF44",1.16465352553388
"1058","RNF44",3.21896127499639
"1059","RNF44",4.46327938558678
"1060","RNF44",3.77745633771601
"1061","RNF44",2.61678256075332
"1062","RNF44",1.71873415298615
"1063","RNF44",2.22757438151474
"1064","RNF44",3.0603429348891
"1065","RNF44",2.40925577059599
"1066","RNF44",2.06238797730149
"1067","RNF44",2.49611798417813
"1068","RNF44",2.61008059582248
"1069","RNF44",3.09835624469119
"1070","RNF44",2.28278631523585
"1071","RNF44",2.33990651690585
"1072","RNF44",2.21279779571223
"1073","RNF44",3.37402907710753
"1074","RNF44",3.07909509389691
"1075","RNF44",1.7429355895959
"1076","RNF44",3.4370204344422
"1077","RNF44",2.98842430075861
"1078","RNF44",2.87516681608217
"1079","RNF44",2.04046438512697
"1080","RNF44",1.55594474567065
"1081","RNF44",2.93046545407561
"1082","RNF44",3.52550519497388
"1083","RNF44",2.13224467188539
"1084","RNF44",4.1917097737428
"1085","RNF44",2.59369623593649
"1086","RNF44",2.84619050123065
"1087","RNF44",2.85654016440609
"1088","RNF44",2.3946664587088
"1089","RNF44",3.53842708783953
"1090","RNF44",1.65132330958667
"1091","RNF44",3.58167538035256
"1092","RNF44",3.15788465177342
"1093","RNF44",0.615088397729887
"1094","RNF44",1.53381834062013
"1095","RNF44",2.7494062192623
"1096","RNF44",2.13540721824572
"1097","RNF44",2.5675954722708
"1098","RNF44",2.48187301563463
"1099","RNF44",1.55881621132048
"1100","RNF44",2.9571144163284
"1101","RNF44",3.10221930357064
"1102","RNF44",1.90269031949726
"1103","RNF44",2.60284163288163
"1104","RNF44",2.45994614771348
"1105","RNF44",1.72689991755884
"1106","RNF44",3.64840736963256
"1107","RNF44",1.78400670397918
"1108","RNF44",3.25491166911164
"1109","RNF44",2.30232493755377
"1110","RNF44",1.78572353094511
"1111","RNF44",2.37946843733029
"1112","RNF44",2.72779439952105
"1113","RNF44",1.95965338980175
"1114","RNF44",3.00282518655932
"1115","RNF44",2.01589739237173
"1116","RNF44",4.85473918633442
"1117","RNF44",1.90744643089229
"1118","RNF44",2.14679443151248
"1119","RNF44",1.94490425140486
"1120","RNF44",2.51051650525245
"1121","RNF44",3.43889900234773
"1122","RNF44",3.87235743328807
"1123","RNF44",2.06580433361363
"1124","RNF44",2.67046156812284
"1125","RNF44",2.39630395757994
"1126","RNF44",2.58835246060605
"1127","RNF44",1.69079833884229
"1128","RNF44",2.98556473802133
"1129","RNF44",1.64685062535878
"1130","RNF44",2.40453337964572
"1131","RNF44",2.21326942548376
"1132","RNF44",2.13567388411258
"1133","RNF44",1.75780517791934
"1134","RNF44",2.88401432966954
"1135","RNF44",1.70041474162878
"1136","RNF44",2.51113203974036
"1137","RNF44",2.88214949301544
"1138","RNF44",2.30816319609267
"1139","RNF44",2.70393790079857
"1140","RNF44",2.5534392397807
"1141","RNF44",3.46255700579664
"1142","RNF44",1.26799758460246
"1143","RNF44",1.76586570143758
"1144","RNF44",2.33419494560142
"1145","RNF44",1.89441206150795
"1146","RNF44",1.91979486246837
"1147","RNF44",1.99991310900069
"1148","RNF44",1.73633304894477
"1149","RNF44",1.68428445060162
"1150","RNF44",1.73452223887764
"1151","RNF44",2.9055714956487
"1152","RNF44",1.60961908223481
"1153","RNF44",2.43604046789409
"1154","RNF44",2.82078480996126
"1155","RNF44",1.86843990820372
"1156","RNF44",2.81960414713634
"1157","RNF44",2.17194715676254
"1158","RNF44",2.40968047631628
"1159","RNF44",3.21646968789485
"1160","RNF44",1.25769859294284
"1161","RNF44",1.94420045411416
"1162","RNF44",1.97175659130809
"1163","RNF44",2.69901165594622
"1164","RNF44",2.63423776350534
"1165","RNF44",3.03411223831063
"1166","RNF44",1.77829194896319
"1167","RNF44",2.24404952942505
"1168","RNF44",3.35591120406872
"1169","RNF44",2.8155744842085
"1170","RNF44",4.18764038138408
"1171","RNF44",3.38455229471966
"1172","RNF44",1.59531470742575
"1173","RNF44",2.0743156863301
"1174","RNF44",2.61066971737087
"1175","RNF44",2.28813196996791
"1176","RNF44",5.13692294828609
"1177","RNF44",3.62939386820102
"1178","RNF44",1.61340325501192
"1179","RNF44",1.9177466648444
"1180","RNF44",2.49200184444922
"1181","RNF44",2.46988082798198
"1182","RNF44",1.81314703504175
"1183","RNF44",2.37275096332969
"1184","RNF44",4.03769977906438
"1185","RNF44",2.19299099223741
"1186","RNF44",1.04077597719879
"1187","RNF44",1.82018367521265
"1188","RNF44",2.19946929700928
"1189","RNF44",2.59167903194098
"1190","RNF44",2.29205822367325
"1191","RNF44",2.66457901425779
"1192","RNF44",2.1937193911054
"1193","RNF44",1.48156153421677
"1194","RNF44",3.72122724458891
"1195","RNF44",1.19826416817898
"1196","RNF44",1.26979672184963
"1197","RNF44",1.16916564116563
"1198","RNF44",3.22711601522834
"1199","RNF44",2.32060550747659
"1200","RNF44",1.69349124387012
"1201","RNF44",3.16389492947277
"1202","RNF44",1.46054313930424
"1203","RNF44",3.27351707066464
"1204","RNF44",1.52273385991308
"1205","RNF44",3.02812700360072
"1206","RNF44",2.44695895295803
"1207","RNF44",2.37082410979302
"1208","RNF44",2.35524864650335
"1209","RNF44",3.93522495495733
"1210","RNF44",2.56962510276122
"1211","RNF44",2.95418569737864
"1212","RNF44",3.04740815714698
"1213","RNF44",2.68877794123332
"1214","RNF44",2.30404671476287
"1215","RNF44",3.36018266334875
"1216","RNF44",2.40056920779669
"1217","RNF44",3.51483717618772
"1218","RNF44",1.86464892602423
"1219","RNF44",1.71509682105594
"1220","RNF44",1.3586211551148
"1221","RNF44",1.43815472174816
"1222","RNF44",1.64522909213295
"1223","RNF44",2.76585462389222
"1224","RNF44",2.36780224981107
"1225","RNF44",1.83820098098089
"1226","RNF44",1.67941933827275
"1227","RNF44",3.02050198473634
"1228","RNF44",3.64010895248408
"1229","RNF44",1.91211202352198
"1230","RNF44",3.19226481733944
"1231","RNF44",3.77916835051986
"1232","RNF44",2.57277312666827
"1233","RNF44",1.99929713371296
"1234","RNF44",1.93437159382716
"1235","RNF44",2.05535031470101
"1236","RNF44",2.00966912916275
"1237","RNF44",3.1098802058848
"1238","RNF44",2.89302165781161
"1239","RNF44",2.45853804312013
"1240","RNF44",2.14555461033525
"1241","RNF44",2.21322970606952
"1242","RNF44",3.70113147712231
"1243","RNF44",3.06869105727772
"1244","RNF44",1.16380616235734
"1245","RNF44",2.39425749868772
"1246","RNF44",2.57892645344621
"1247","RNF44",2.41415695500888
"1248","RNF44",2.9818926149068
"1249","RNF44",2.76230509564259
"1250","RNF44",3.25798720890615
"1251","RNF44",2.79192201297699
"1252","RNF44",2.03617056808979
"1253","RNF44",1.99742862966728
"1254","RNF44",2.98765869984804
"1255","RNF44",2.37550797945447
"1256","RNF44",2.19699455019145
"1257","RNF44",1.29520940217869
"1258","RNF44",3.17533483923821
"1259","RNF44",4.00253142536789
"1260","RNF44",1.96201107198504
"1261","RNF44",2.55374540050727
"1262","RNF44",3.29768308700267
"1263","RNF44",2.77095374306801
"1264","RNF44",1.56490527162554
"1265","RNF44",2.6192783863065
"1266","RNF44",3.10800050184721
"1267","RNF44",1.42566917862819
"1268","RNF44",2.51934334765668
"1269","RNF44",1.91068534084078
"1270","RNF44",1.72103991134835
"1271","RNF44",2.29969288217791
"1272","RNF44",2.79549298618672
